{
  "accuracy": 0.5714285714285714,
  "report": {
    "negative": {
      "precision": 0.5714285714285714,
      "recall": 1.0,
      "f1-score": 0.7272727272727273,
      "support": 4.0
    },
    "positive": {
      "precision": 0.0,
      "recall": 0.0,
      "f1-score": 0.0,
      "support": 3.0
    },
    "accuracy": 0.5714285714285714,
    "macro avg": {
      "precision": 0.2857142857142857,
      "recall": 0.5,
      "f1-score": 0.36363636363636365,
      "support": 7.0
    },
    "weighted avg": {
      "precision": 0.32653061224489793,
      "recall": 0.5714285714285714,
      "f1-score": 0.4155844155844156,
      "support": 7.0
    }
  },
  "best_params": {
    "clf__C": 0.01,
    "clf__class_weight": null,
    "tfidf__min_df": 1,
    "tfidf__ngram_range": [
      1,
      1
    ]
  }
}