{
  "accuracy": 0.5714285714285714,
  "report": {
    "negative": {
      "precision": 0.6,
      "recall": 0.75,
      "f1-score": 0.6666666666666666,
      "support": 4.0
    },
    "positive": {
      "precision": 0.5,
      "recall": 0.3333333333333333,
      "f1-score": 0.4,
      "support": 3.0
    },
    "accuracy": 0.5714285714285714,
    "macro avg": {
      "precision": 0.55,
      "recall": 0.5416666666666666,
      "f1-score": 0.5333333333333333,
      "support": 7.0
    },
    "weighted avg": {
      "precision": 0.5571428571428572,
      "recall": 0.5714285714285714,
      "f1-score": 0.5523809523809524,
      "support": 7.0
    }
  }
}